<?xml version="1.0" encoding="UTF-8"?>
<beans xmlns="http://www.springframework.org/schema/beans"
	xmlns:xsi="http://www.w3.org/2001/XMLSchema-instance" xmlns:context="http://www.springframework.org/schema/context"
	xsi:schemaLocation="http://www.springframework.org/schema/beans
     http://www.springframework.org/schema/beans/spring-beans-4.0.xsd
     http://www.springframework.org/schema/context
     http://www.springframework.org/schema/context/spring-context-4.0.xsd">

	<bean id="emp" class="com.cg.dto.EmployeeBean">
		<property name="employeeId" value="12345"></property>
		<property name="employeeName" value="Herriet"></property>
		<property name="salary" value="40000.00"></property>
		<property name="sbean" ref="sbu"></property>
	</bean>
	
	<bean id="sbu" class="com.cg.dto.SBUBean">
	<property name="SbuId" value="123"></property>
	<property name="SbuName" value=" ProjectEngineeringServices"></property>
	<property name="SbuHead" value="KiranRao"></property>
	</bean>
 
 
 </beans>